slc2a1a,5.098203135,8.29670862188134,up
csmd2,-2.895639417,52.2254830342714,down
uckl1a,2.575590987,13.7851561519523,up
flot1a,1.910753595,14.8068754016455,up
irx2a,-3.909068068,6.85387196432176,down
cthrc1b,-2.231111807,2.82079848561777,down
adamts18,-1.913583087,11.3716110699497,down
pygl,-1.771373466,3.06215926536845,down
si:dkey-103j14.5,-3.712219868,2.87107821205717,down
slc45a2,1.586430154,6.95467702121334,up
rgs5a,-2.046066471,55.546681659953,down
stxbp5a,-2.493646595,30.033858267261,down
meis1a,-2.015877739,28.4647058799572,down
bgnb,-2.127695578,25.8153085691824,down
a1cf,-2.073025891,3.81583969819417,down
lrrc4.2,-5.373698578,15.8124792791635,down
dachc,2.289926629,43.4034029043735,up
rhcga,-4.9295572,5.28232949699774,down
sox9a,-2.942928822,115.309803919971,down
stc1,1.88381566,21.5142785735184,up
tspan2a,1.72581092,10.3196644865854,up
fhl2b,-3.385789591,36.9355420107731,down
syt9a,-4.57097143,5.80134291304558,down
zgc:92630,-1.798973143,14.2034256667896,down
tmem63c,2.358875583,19.5575202309356,up
cul5b,-2.117590733,4.56066730616974,down
lrrc4ba,-2.775252,7.21968268785985,down
anos1b,1.8670816,19.5590909179348,up
rsad2,-2.498516642,3.23127756354968,down
cyp4t8,-3.62513474,2.35108571465838,down
ppp3ca,-1.864338799,8.50863830616573,down
zgc:158328,3.670418785,75.1450869776921,up
si:dkeyp-80c12.5,-2.63466363,2.35959290629677,down
grin3ba,-1.871414123,2.45346313537895,down
igfn1.1,-5.353659842,10.7055337738384,down
olfml2ba,1.596114372,29.3925449767853,up
dct,2.729118809,18.5751183633689,up
erbb3a,1.701073975,41.274088367705,up
ugt1a7,-2.934076837,2.56262937324107,down
maats1,1.709785286,4.47495519296315,up
stxbp5l,-1.638804695,3.07004441364642,down
fabp2,-3.041993819,5.75202673363819,down
slc19a3a,-2.512369936,22.0163737128755,down
otop2,-2.183630638,3.73040067246062,down
fn1b,3.145616627,90.5867002359188,up
cldnd,-2.234372377,2.50245351112477,down
sult1st6,-2.682351337,21.4559319556497,down
glra4a,2.426744577,7.52724355068279,up
myo3b,-2.190052463,8.26520017041115,down
nadl1.2,-2.773901818,40.8601209135988,down
kcnk2b,-1.897998883,2.25877652387192,down
tcap,-3.006452417,4.96257350205938,down
fgf20a,2.70401637,13.8181564120552,up
odc1,1.661735742,50.5718652059712,up
avpr2aa,2.38962544,8.67571754470231,up
ifit10,-2.476426461,2.17932600145164,down
opn4.1,-2.960044879,3.70602125077637,down
msx1a,3.868556849,4.3936186348894,up
adamts8a,2.90118134,132.004364805402,up
atp1a1a.2,-7.411188161,27.8996294548824,down
rtn4rl1a,-4.230389049,13.5128616245228,down
foxl1,2.54715619,4.22184874961636,up
kcnk13a,-2.929851243,2.90027379143112,down
ptchd4,-1.927002155,2.98546560100106,down
rdh5,-12.50030283,4.17005330405836,down
zgc:66479,-3.057558409,28.5751183633689,down
chga,-1.66609926,2.38793363931164,down
rhbg,-4.981358716,3.9496241110263,down
si:ch211-224l10.5,-1.678337998,10.2111248842246,down
zgc:112437,-3.654757829,13.2790142558463,down
fev,-3.070823917,10.6903698325741,down
vcanb,-2.193773978,21,down
si:ch211-210b2.2,1.619720105,9.26201267366657,up
slc35e4,1.701746152,11.0070049015687,up
foxi3b,-5.104496983,13.3062730510764,down
si:ch211-195m20.1,2.398080363,15.9208187539524,up
her4.4,11.67077076,2.36280957648167,up
vim,-1.722428652,19.2013493545547,down
dacha,3.702591406,107.946921556517,up
capn12,-2.711596686,112.046723663333,down
thbs1b,1.823310863,20.9172146296835,up
abcb4,-1.914882256,3.66241496128147,down
dpysl5a,-2.116943559,4.34008379993015,down
cahz,2.397363198,2.13836255349907,up
si:ch211-12m10.1,-3.816935944,84.6536470255494,down
adra1ba,-4.488098077,2.57657389028686,down
ryr1a,-1.835218699,4.64781748188864,down
slc26a2,-1.865982979,22.4424927980943,down
plod2,2.480027008,66.1331221856625,up
galnt8a.2,-1.651190891,6.89962945488244,down
sp8a,2.379323173,18.5767541260632,up
foxn1,-2.20874108,8.28066871301627,down
plp1b,-2.675858207,43.6757175447023,down
dlx4a,2.133845144,29.4485500020271,up
csrp2,2.065768188,64.8996294548824,up
fmn1,-4.73842361,37.7695510786217,down
polr3gla,-1.716007308,2.64838301182576,down
thbs3b,5.116112591,108.899629454882,up
clcn1b,-4.528676862,2.25367731279644,down
zgc:65851,-2.012599938,3.87572080582247,down
mmp13a,1.866002973,9.23062267392386,up
slc6a6a,-2.308740184,12.9355420107731,down
foxa3,-3.421117444,57.4934949675951,down
dlx1a,4.119550547,85.0741724253753,up
htr2cl2,5.236665538,10.9318141382538,up
zgc:172271,-2.521039015,24.8446639625349,down
kif26ba,2.285942446,38.2254830342714,up
bhmt,-1.926559671,62.9172146296835,down
pck1,-1.628941159,3.95704272824766,down
vsig8b,1.599159166,42.4989407377822,up
slc4a4a,-3.628831599,17.4559319556497,down
cldn5b,1.97862009,39.478861916296,up
dkk1a,-3.432822845,14.6270879970299,down
cdh13,-1.804279416,3.91476652257952,down
pdlim3b,1.829889104,7.00788851221305,up
rab3c,1.909915243,2.67663609112982,up
ca2,1.922084502,28.787812395596,up
trpv6,-3.801383086,13.431798275933,down
ppp1r3cb,-1.809890894,30.0443122496865,down
dlx3b,1.853463566,10.2373214362726,up
fzd9b,2.785794915,31.4056074496246,up
slc10a2,-2.811009237,2.1130273062839,down
angpt2a,2.886000211,29.542118103266,up
nadl1.1,-1.970568463,23.1197582241045,down
c4,-3.530574036,26.2684112348133,down
dmrt2a,-1.618174054,5.2298847052129,down
fbln2,1.879905198,47.5086383061657,up
cdkl5,-1.770344945,10.602059991328,down
alpi.1,-1.665035176,47.3526170298854,down
zic2a,3.214544932,105.821023052707,up
fstl1a,3.502919096,64.5718652059712,up
rasl11b,2.247970883,37.9318141382538,up
rgs6,-2.087255407,19.3467874862247,down
si:dkeyp-75b4.9,-1.621936419,4.54515513999149,down
matn4,3.786025826,93.7746907182741,up
cldnc,-3.383907003,6.93554201077308,down
zgc:153311,1.962139062,14.0419141514789,up
zic5,3.376400038,51.2549252084179,up
slc6a2,-3.221617353,44.2125395254816,down
dock9b,-1.877789477,52.2125395254816,down
slc7a1,-3.158945951,24.8860566476932,down
ugt5a1,-1.766346881,6.54975089168064,down
glipr2l,1.881172675,15.0347982989741,up
hmcn1,1.670778099,46.9546770212133,up
cdkl1,3.735386063,40.9788107009301,up
epha2a,1.670797044,22.7721132953863,up
sema3d,1.585287899,19.8326826652518,up
unc13ba,-1.933515412,6.17327747983101,down
slc44a5a,-11.71445319,2.22323483854383,down
si:ch211-95g8.1,-1.849488728,2.18760844415201,down
sphkap,-2.195717685,2.99969002438805,down
hal,-2.604412198,4.28066871301627,down
tlx3b,-1.713709017,2.17190950543998,down
kcnip3b,-3.02973581,4.64016451766011,down
zgc:171704,2.180722882,7.99139982823808,up
ntm,-2.017848239,23.4546928835342,down
scap,-1.691792775,24.3372421683184,down
bmp7a,-3.430368345,6.91364016932525,down
pdia2,-5.168564455,2.05953551398751,down
etv4,2.460379199,69.2564902352716,up
frzb,-4.281183322,32.4801720062243,down
sulf2a,-1.990733658,11.2620126736666,down
igf2a,-1.65231234,26.4449055514217,down
npnt,1.890678011,18.732828271597,up
bdnf,2.794714541,12.6675615400844,up
dgat2,3.487251805,18.3655227298393,up
abo,-1.838735839,9.10182351650232,down
nln,-2.419431044,2.94228103859502,down
rhag,-1.623206342,6.31605286924849,down
fer1l6,-1.64786811,4.97061622231479,down
gpc1a,-2.771906121,90.7851561519523,down
pcsk2,2.668233919,40.0835460514501,up
fgl2b,-4.143476789,114.954677021213,down
colq,-2.462679647,9.85078088734462,down
kcnn3,-2.28507825,14.1237821594084,down
bmp4,2.818320592,99.1337126609158,up
cldn11a,-3.433082154,4.24033215531037,down
thbs4b,2.555741339,108.308918507877,up
ek1,-1.926538822,25.7447274948967,down
tg,1.594614425,2.53346897710712,up
slc1a1,-6.141363486,5.21183162885883,down
si:ch211-278j3.3,-1.93710243,2.77382764063517,down
fbp1b,-5.783389595,3.38034015944617,down
si:ch211-171h4.3,-3.201690034,4.92081875395237,down
otofb,-2.120639206,2.18357481025925,down
snap25a,-2.033197143,2.25777353331516,down
mdkb,2.083649034,3.67631279180242,up
valopa,-2.485224176,7.09691001300806,down
cpa5,-2.446902025,6.3767507096021,down
olfml2bb,-4.750414097,20.2328441339178,down
cacna1ba,2.025892914,28.6161846340196,up
myoc,3.740120593,203.262807357295,up
zgc:101100,-2.043712381,3.21921047836817,down
map1ab,-2.914421795,48.6055483191738,down
ntn1b,-2.596810578,18.2090115249112,down
itgb1b.2,-2.07266671,11.5100415205752,down
lad1,-2.79203912,11.6307841425899,down
bnip4,1.741546892,8.07417242537526,up
skilb,1.907477086,15.6736641390712,up
epha6,-6.212523232,80.0506099933551,down
ucp1,-2.891477931,4.94309514866353,down
pcp4l1,1.706160543,4.21041928783557,up
gpbar1,-2.183083652,3.12030157500978,down
mxd,-1.795218631,17.478861916296,down
lrp13,-13.06715243,6.44611697335613,down
gabpb1,-1.716160026,3.64871788675706,down
mamdc1,-2.875031228,17.5985994592185,down
angptl2a,2.056656324,61.5590909179348,up
coch,2.185797184,5.51286162452281,up
kcnh1a,-2.833797664,25.8538719643218,down
pnocb,5.815366579,29.6819366650372,up
prf1.6,-2.022489612,12.6382721639824,down
gpc5b,-2.715630601,5.82973828460504,down
dpp6b,-2.052727908,17.1432711096171,down
slc24a5,2.310150946,10.8927900303521,up
tnw,1.899801274,49.5199930570428,up
crhbp,-3.614214899,16.5850266520292,down
magixa,1.645511043,10.9788107009301,up
lbx2,1.609007054,11.3535962737769,up
asic4a,-6.48279179,13.430626090385,down
admp,-6.376921622,11.0400051616716,down
fstl3,1.673158452,25.7399286120149,up
comtb,1.989350696,22.4100503986743,up
si:ch211-125e6.11,-17.05302297,18.8239087409443,down
ankdd1b,-4.220879242,70.4841261562883,down
bscl2l,2.137727449,40.7212463990472,up
xpnpep2,-2.360738227,22.3893398369101,down
ccdc3,3.862806283,84.0700704399154,up
col11a1a,2.544012637,101.876148359033,up
zgc:112994,-4.492483238,100.609064892897,down
hephl1b,-6.463273858,11.7011469235903,down
anxa5a,-2.570706259,2.39526745744427,down
grik4,-2.008308995,2.39804913887067,down
krt1-c5,-1.677310106,2.83597149885978,down
tcp11l2,1.705505286,40.3716110699497,up
igf1ra,1.724299019,51.5816987086803,up
lrfn1,3.019041932,7.48945498979339,up
grip2b,-2.629551133,17.3106911408764,down
grin1a,-1.898589638,2.20726045388471,down
adamtsl3,-3.084411868,82.3196644865854,down
glis1b,-2.577707359,44.7375489102696,down
camkva,1.796727116,3.44608664658806,up
trim63a,-1.953827236,2.84013696173109,down
ttna,-2.31946276,25.1220530483708,down
cntfr,2.113368275,56.6252516539899,up
si:dkey-24p1.6,-3.489941836,22.600326278519,down
vipr1a,-2.980286158,5.64781748188864,down
gbe1a,-4.866703724,83.2941362877161,down
stx11b.1,1.763430911,51.7166987712964,up
cacna1sa,1.6138114,6.00086945871263,up
trim55a,-2.799984337,4.60730304674033,down
p2rx3b,-2.123141006,3.06977607681095,down
slc2a15a,1.916896798,25.4522252946122,up
zgc:92429,-1.766703646,4.95078197732982,down
dennd2db,-1.665825574,7.13846558914096,down
grtp1b,-1.932219144,5.06752623532285,down
grin2bb,-5.035385769,64.8507808873446,down
zgc:110191,1.717120311,37.234331445241,up
fgf10a,1.83459236,17.2668027348934,up
si:ch211-51a6.2,2.249250108,27.9469215565166,up
ccdc80l1,2.170020727,47.1444808443322,up
mybl1,2.282457868,8.77728352885242,up
igsf21a,-3.089725003,36.2254830342714,down
notum1a,2.729863558,39.4259687322723,up
cmpk2,-1.637186388,3.92493139083396,down
efna2a,-2.138016434,12.5072396109732,down
reep2,-4.181357884,8.24641694110709,down
col9a1b,-2.708469041,6.92445303860747,down
si:dkey-239b22.1,-3.774620472,17.0942041196321,down
calb1,-4.230825379,2.04933796009668,down
sox21a,-1.922480744,7.28316227670048,down
tbx1,1.84704436,10.6382721639824,up
mb,1.75827043,35.5985994592185,up
six4b,-3.053234033,6.65169513695184,down
pde4a,-1.972416675,10.3685562309868,down
pax2b,-12.19585915,3.26828797391026,down
cd36,-2.893888,2.92701305270066,down
gria2a,2.20802329,10.7851561519523,up
gria3a,-2.464017721,2.19327227837291,down
kcnd2,-2.036541419,5.59859945921846,down
ccdc120,2.025229411,35.7375489102696,up
her12,3.044623534,2.56625496075885,up
lect2l,-1.596205138,2.27065367102862,down
unc5b,2.253783788,50.4353339357479,up
grifin,3.544688625,2.13121965281406,up
cabp1b,-4.107059433,19.5142785735184,down
zgc:64189,1.674228284,45.8569851997459,up
scd,-3.376097884,7.10623823794206,down
igsf9ba,-2.298545688,4.95860731484177,down
lamb2l,1.919714926,20.308918507877,up
cyp26a1,1.604096326,30.9318141382538,up
chodl,-2.619358548,9.09963287134353,down
vegfab,-2.603409494,7.33535802444387,down
si:dkey-224e22.2,1.715531819,7.19517932127884,up
bag2,-1.821094847,6.83564714421556,down
layna,3.078275412,2.04111440893954,up
npr3,1.887272176,33.0034883278458,up
eef2l2,-1.731593929,14.1598939055432,down
tmtc2b,2.550982686,96.3506651412879,up
myh7bb,3.328774863,13.0899094544059,up
ckma,-3.452888792,3.49364517016277,down
ftr99,-4.605239821,12.4461169733561,down
zgc:194261,-3.836066981,4.33818731446274,down
sfrp1a,-2.390028665,55.4962093169428,down
capga,-1.814415417,3.41893142312138,down
dao.2,-3.755128203,2.70598991227408,down
irx4a,-4.926116487,3.80301182735534,down
acana,-2.838728257,7.86327943284359,down
pgr,-3.317042619,2.85897971626008,down
mbpa,-2.480366976,64.3585258894959,down
sema6ba,3.719573698,7.71444269099223,up
slc9a3.2,-5.167967773,19.8096683018297,down
zgc:101853,2.248217052,2.60163372341004,up
has2,-2.641508452,38.1965428843516,down
dhh,-2.230014082,5.22402566887063,down
slc7a2,-2.40619795,77.6073030467403,down
cxcl12a,-2.367877675,93.5272435506828,down
zgc:153146,1.884812088,3.11736562163116,up
wisp2,-1.670855243,3.78366780400919,down
zic2b,5.917776934,30.5361070110141,up
si:ch211-145b13.5,-1.868508986,2.78086571790302,down
si:dkey-30k22.7,1.911204167,2.83469452666672,up
si:ch1073-272o11.3,-2.014386714,3.67484160661133,down
ephb2a,-6.026866363,52.8996294548824,down
si:dkey-4p15.3,-4.086799488,26.9430951486635,down
si:ch211-39a7.1,-1.706551838,2.6277003052307,down
si:dkey-30j16.3,-2.587345257,2.05809966536683,down
fgf24,2.250101144,18.7798919119599,up
fbxl3l,1.613476266,6.23284413391782,up
slc43a1b,-1.765056167,31.1493537648169,down
col9a3,-1.849221811,2.95748355247572,down
wnt9b,1.912073059,14.3062730510764,up
gng13b,-2.242252028,11.077793722561,down
lhx2a,-1.710876113,2.99985844307143,down
clec19a,-4.143148927,59.2276782932771,down
gdf3,-1.954951068,10.829738284605,down
osr2,-1.679135157,2.07888613032318,down
sgcg,2.505059859,60.0958256317158,up
drd4a,-5.538265993,13.4509967379742,down
si:dkey-8k3.2,-1.718057101,2.82344574038671,down
sulf1,1.636970315,44.6968039425795,up
ftr11,-1.829555838,6.14569395819892,down
ajap1,-2.090133299,5.64975198166584,down
wu:fj11g02,-16.10791673,32.3767507096021,down
si:zfos-2330d3.1,-5.0194866,18.5391021572435,down
jph1b,2.119744171,5.12551818230053,up
shhb,-2.752785042,2.46493764992524,down
tmx3,-13.21731081,7.21253952548158,down
ppp1r1c,-3.477026766,49.8041003475908,down
sfrp5,-3.607636846,8.07058107428571,down
srd5a2b,-13.51404892,8.96657624451305,down
si:dkey-24p1.1,-3.282444997,3.86662717715594,down
zgc:172244,-7.377951213,9.82681373158773,down
atp1a1a.3,-4.086476682,24.3124710387854,down
trpm3,-2.529462975,7.17979854051436,down
cacna2d2a,2.705104567,16.2732727909734,up
greb1l,-4.013434534,55.8068754016455,down
pls1,-3.425240871,7.44129142946683,down
pmepa1,1.695937153,30.5816987086803,up
ccl19b,-5.148758071,20.5606673061697,down
il13ra2,-1.793267985,23.6458915608526,down
lhx4,-3.236504145,5.3045183235098,down
ccdc85a,-2.242680165,5.24488773360493,down
cfd,-2.083272539,50.4100503986743,down
mat1a,-2.352327157,65.7721132953863,down
emx2,2.920160652,31.3062730510764,up
fgfbp2a,-2.355447956,37.4111682744058,down
palld,1.870430052,53.8794260687942,up
cx45.6,2.342857292,3.51284747835314,up
si:dkey-95h12.1,-2.012024061,12.1101382787418,down
ackr4b,2.012985582,68.5833594926617,up
rgs16,-3.604136051,3.6693569634535,down
fbxo32,2.137096711,22.9586073148418,up
klhl38b,4.391980267,19.7471469690201,up
tmem182a,2.299620555,13.5451551399915,up
cyp2k22,3.546748528,8.82681373158773,up
b3gat1a,-2.088625157,2.54529398403354,down
prickle1a,1.65509357,13.2006594505464,up
inhbb,1.875819661,47.8124792791635,up
wnt10b,-5.086843438,39.8894102897007,down
nr2f2,-2.215886777,19.6516951369518,down
ssuh2.1,-2.238468996,2.79980773235668,down
ntd5,1.888462557,28.1944991418416,up
fgf14,-3.046588518,3.58937964694198,down
hspb1,-2.062452781,8.68824613894425,down
ceacam1,-5.134059553,8.73992861201492,down
adra1bb,-12.19860113,3.27072989046183,down
zgc:110796,1.935296881,26.2502636844309,up
lgi3,-1.962761999,3.17179396563467,down
adgre7,3.345231766,8.86966623150499,up
adarb1a,2.113676195,21.3477536589967,up
mt2,1.732772614,3.14528779432793,up
si:dkeyp-59a8.4,-3.159847011,6.58335949266172,down
zgc:113337,-2.056686178,22.8153085691824,down
ppil6,-1.925504337,3.77442195248998,down
paplnb,-7.086123829,5.67366413907125,down
atp8b3,-4.455032331,5.67778070526608,down
dlx6a,2.34700988,22.1904402853647,up
dlx5a,2.088746442,44.6038006529043,up
wbscr17,-4.124186086,4.04383156952464,down
ebf2,-4.010039867,3.63736863903615,down
ctskl,-3.209022368,4.9100948885606,down
si:ch211-222f23.6,-2.189666285,5.11747546204512,down
si:ch211-163l21.8,-4.684522556,54.6143937264017,down
slc17a9a,1.639342196,21.2596373105058,up
cyp2p7,-1.597564442,3.56182169347818,down
vmo1a,-6.28418684,128.003050751505,down
prkchb,1.640938533,13.5228787452803,up
si:dkey-71h2.2,-3.555142906,2.35655373927514,down
itm2ca,-1.876563641,3.72635760368226,down
atp2b3a,-1.928560122,6.99567862621736,down
cadpsa,-2.399190099,11.7594507517174,down
si:dkey-174m14.3,-2.141993622,5.39577394691553,down
nrxn3a,-3.046090015,40.3506651412879,down
si:ch211-282j17.2,-2.407775814,3.44946591340049,down
st6galnac1.1,-3.514710332,76.7986028756795,down
prnpb,2.090279296,38.6840296545431,up
pitpnab,-3.179719664,14.3151546383556,down
ogn,3.982768828,164.062482107983,up
grid1b,-12.59217834,4.47366072261016,down
si:ch73-194h10.2,-2.899681818,26.0209070993617,down
sall4,2.853128801,29.0909791457888,up
kif20a,-1.740125307,15.5003129173816,down
ccr7,-2.291734474,6.98716277529483,down
zak,-2.492446998,20.5331323796459,down
myo7ab,-1.920467469,41.4259687322723,down
pou5f3,-1.988103284,4.66354026615147,down
wnt7aa,-1.627677024,10.3767507096021,down
zgc:113307,5.500333534,66.3098039199715,up
krt94,3.532828521,39.6575773191778,up
krt93,4.737533716,21.0381045263321,up
aqp8a.1,1.741200668,32.5968794788242,up
acta2,-2.443995179,30.7986028756795,down
dkk1b,3.10944021,4.22184874961636,up
tectb,-3.664428995,3.0806682072536,down
pi15a,-14.05542034,13.33254704711,down
gcm2,-6.138460501,9.00921730819686,down
cpb1,3.501643073,7.12378215940836,up
agtr1b,2.450937153,4.09854167860389,up
itih5,-3.153358169,60.4921441283042,down
bcat1,-2.196471709,2.05578790849285,down
si:dkey-14k9.2,-4.402086776,47.8153085691824,down
cax1,1.696518879,31.2949920406667,up
opn1sw1,-2.276387579,2.50017880156856,down
pdzrn4,3.042994139,2.95071102251018,up
asb13a.2,2.266211896,3.42025869200999,up
acanb,-5.299826223,3.48299951252048,down
galnt8b.1,-5.030557395,24.5900668766687,down
fgf23,14.27562133,9.97469413473523,up
zgc:153704,-2.385794188,6.98716277529483,down
saa,-4.235158859,11.8041003475908,down
tmcc2,-1.699331866,3.60227197876427,down
rasl11a,-1.76718082,7.2298847052129,down
zgc:158222,-5.074816977,31.0793549985932,down
stra6,2.110562547,16.7644715530925,up
fbn2a,2.77326088,91.6307841425899,up
slc14a2,2.005915849,4.47366072261016,up
pde5ab,-1.781659161,13.9281179926939,down
pcxb,-15.35050092,32.7851561519523,down
pcolceb,1.630129497,44.171984935776,up
col4a6,2.105095424,74.7721132953863,up
col4a5,1.722744964,52.2153827073671,up
btr02,1.909640994,41.7375489102696,up
tlr5b,-2.129960808,39.3115801779973,down
spata18,3.961379845,4.87289520163519,up
hspb2,-3.205167027,7.58004425151024,down
ca10a,-2.634229512,14.4497716469449,down
zgc:153932,-2.441380873,2.3981178886858,down
htra3a,-4.085756797,32.6270879970299,down
kif19,-1.917746059,2.1279116457262,down
cyp8b1,-1.882312432,7.28149831113273,down
pcp4a,3.482532859,27.9507819773298,up
prss56,-2.885172386,2.33225145389312,down
slc2a15b,1.783864842,13.542118103266,up
apln,2.976687371,42.0101054362812,up
cilp,5.01096293,266.612610173661,up
si:ch211-276k2.2,-2.62136041,5.52143350440616,down
gdf6a,1.983764462,36.6903698325741,up
entpd5a,1.663713999,33.3269790928711,up
aldh1a2,-2.953518999,16.7471469690201,down
ednrbb,5.434135004,63.8268137315877,up
cbsa,-3.278551717,56.9469215565166,down
kazald3,1.765761635,11.9625735020594,up
si:dkey-1f12.3,-2.896103738,21.6038006529043,down
lmo7b,-3.306121214,6.04143611677803,down
sox3,1.935009538,13.3288271572849,up
anxa2b,-2.267593552,6.6458915608526,down
cracr2b,-3.195031102,13.8894102897008,down
adrb3a,1.828804252,3.56352407398977,up
si:ch73-89b15.3,-3.905025877,8.33161408331,down
tgfa,-1.762011655,6.13253251214095,down
mustn1a,2.407306438,43.9546770212133,up
zgc:63972,-2.117957579,2.07406420010592,down
waif2,-2.51483878,4.00524305541237,down
plcxd3,2.105370489,8.58838029403677,up
itih1,-3.563337833,36.9956786262174,down
chac2,1.790426115,50.0883098412461,up
cdh27,-3.054452142,20.3062730510764,down
cxcl12b,-3.408578082,12.9913998282381,down
si:ch211-256m1.8,-2.608910045,38.0254883072627,down
pxdc1a,-4.745610245,2.98746646594371,down
zgc:136930,-2.126598967,19.197226274708,down
slc12a10.3,-2.105230472,2.47598692701906,down
bambia,1.769549211,7.66154350639539,up
foxq1b,2.443554039,4.82390874094432,up
adamtsl7,-3.984338274,3.67464650899166,down
mmp20b,1.958369436,2.7689332872712,up
hic1,-4.442163474,30.5451551399915,down
slc22a6l,2.800430883,4.53610701101409,up
cmn,4.241731357,17.2125395254816,up
pcolce2b,3.369663039,71.8632794328436,up
pipox,-2.692378911,17.8446639625349,down
zgc:101788,1.996818425,4.72353819582676,up
fosb,1.928885958,7.13253251214095,up
slc26a6,-2.283913561,3.25927502317156,down
foxi3a,-3.616349024,7.30364361126667,down
hoxb13a,-2.936958739,10.7772835288524,down
itga6l,1.665887421,2.52318575520384,up
sostdc1b,5.250182367,28.568636235841,up
itih6,-3.437634307,23.3334820194451,down
ecrg4a,1.666277246,20.0347982989741,up
syt11b,2.166526114,10.8996294548824,up
si:dkey-159a18.1,2.353574169,15.7851561519523,up
tyrp1b,2.391788428,32.7351821769905,up
npdc1b,-1.681156278,2.99949607657749,down
dpt,2.345187678,50.7825160557861,up
si:ch211-30b16.2,-2.752076939,4.71669877129645,down
rap1gap,-2.714676082,29.5512936800949,down
necab1,-1.648716654,2.16757591073444,down
cyp2r1,1.852991962,30.6038006529043,up
calca,2.283279478,4.29413628771608,up
irx1b,2.296073273,2.23374453878624,up
xk,-2.224851065,3.558586108071,down
cxcl14,3.401774058,144.744727494897,up
fgf13b,3.586991151,18.7569619513137,up
rltpr,-1.628894848,7.58502665202918,down
gna15.2,1.634263014,28.9172146296835,up
raraa,-1.619832428,24.8356471442156,down
ppp2r2ca,-2.621042329,4.1890957193313,down
and3,3.003146506,6.98296666070122,up
pcolcea,-1.87184789,29.602059991328,down
drd2a,-4.557265858,2.85112414640371,down
dact2,3.748827376,22.7212463990472,up
htr2a,-5.84375097,7.11350927482752,down
wu:fc13c02,-2.092894855,6.71444269099223,down
c6,-2.608935449,13.8013429130456,down
ifit8,-4.768798139,3.50045449846849,down
si:dkey-91i10.3,-1.900146473,29.4647058799572,down
cbln1,-4.960240139,54.9625735020594,down
sall3b,3.352459374,81.7958800173441,up
s100b,-2.87596121,2.45109293135924,down
arl4ca,2.907473902,19.2660007134616,up
cxcr4a,2.141181309,19.7721132953863,up
epas1b,-1.703541946,18.5257837359237,down
sbk3,1.903008458,4.34103515733556,up
si:ch211-137i24.10,-2.866119847,2.230124407525,down
cmah,-1.830360427,15.1463017882238,down
nr1h4,3.425958829,2.89095832576689,up
lyz,-2.21841594,9.10902040301031,down
ankrd6a,3.960104373,4.26520017041115,up
fstb,-2.577326578,78.3716110699497,down
hgd,-1.851814264,56.8827287043442,down
kitlgb,1.971587368,15.2724587429714,up
cx31.7,-2.087440809,5.08039897621589,down
si:dkeyp-77h1.4,-1.627534401,7.76955107862173,down
si:dkey-208b23.5,-1.635017585,9.83564714421556,down
grhl2a,-1.637476611,45.787812395596,down
adcy2a,-2.13946738,4.36957212497498,down
tagln3b,3.167337356,22.3957739469155,up
lgi1b,-1.655153811,13.1432711096171,down
zgc:158846,-2.221645138,4.19928292171762,down
si:dkey-30c15.12,-1.768967727,3.34027675696826,down
sprb,-2.500406754,27.5406075122408,down
muc5.2,-6.864027421,Inf,down
scgn,-1.803061382,10.1586405295451,down
ihha,2.337649361,36.3575354797579,up
nog1,2.517259398,3.2825841580675,up
si:ch211-181l5.2,-5.186315259,4.1001794975729,down
ft2,2.092760879,8.21609642072726,up
si:ch73-359p15.2,2.435996395,88.0347982989741,up
pabpc4,-1.666554569,2.8715584025585,down
avil,1.675145455,12.6615435063954,up
fgf7,1.95032439,21.7958800173441,up
gyg1b,-3.981140402,65.0231916626619,down
rims4,2.201123249,3.31173772731543,up
kcnq1,-1.839925033,2.74955657569896,down
oaz2b,1.623617311,4.08671609823958,up
slc35f3b,2.128962585,6.74232142513082,up
pappab,-1.921948056,23.7055337738384,down
dab1a,-2.05910292,4.61798295742513,down
trpm4a,3.155929944,17.4672456210075,up
iqgap2,-2.123002904,37.0540392964224,down
kcnq3,-4.518980468,3.12570318824215,down
sybu,-11.71738436,2.2249812214835,down
cep85,1.647793513,11.4647058799572,up
pde9a,1.766947295,11.115204636051,up
apoda.1,-2.855190637,11.9065783148378,down
syn1,2.722868728,18.8210230527068,up
fibcd1,-3.24392186,7.6252516539899,down
hhip,1.595412592,28.593459819566,up
gcnt3,2.1098374,8.46597389394386,up
shank1,-1.58761532,3.07555685039047,down
cd109,-4.419005328,25.3861581781239,down
clstn2,-2.070488097,9.40340290437354,down
si:ch73-127m5.1,-1.626332102,5.56224943717961,down
pde1a,-2.236125616,4.54975089168064,down
dner,4.874121828,9.01010543628123,up
si:ch211-205j18.2,-3.413934415,6.67778070526608,down
trpc1,3.241193843,32.8860566476932,up
si:dkey-44g23.5,-1.76897585,13.5850266520292,down
cdh18a,-2.169985321,19.2139587897574,down
zmat4b,1.852132266,5.01772876696043,up
sema5ba,-1.747020019,25.1220530483708,down
igf2bp1,-4.121041096,40.7144426909922,down
lrp1bb,-2.558940961,20.838631997765,down
foxo1b,1.638516515,22.9586073148418,up
neurl1ab,-1.930108126,7.23062267392386,down
fmn2b,2.960593212,3.26560666186924,up
si:ch73-233f7.1,1.713202719,2.19375909334633,up
amotl2b,1.746889403,22.33161408331,up
si:ch211-198g19.1,-2.93751392,8.34775365899668,down
kif1ab,-3.651781012,14.131943638177,down
mthfsd,-4.887457383,15.2831622767005,down
il1rapl1a,-1.905413796,17.5185573714977,down
si:ch211-236l14.4,-3.751868173,14.2915790998653,down
clcn1a,4.130200518,3.67536778007709,up
kiaa1549lb,-5.971492635,18.7569619513137,down
ankrd24,-1.619979659,4.64397414280688,down
sytl5,-2.757283766,24.5867002359187,down
abi3bpa,-6.137450801,204.525783735924,down
kcnj3b,1.692637258,25.3080348972326,up
ednrab,14.71038288,19.0762380391713,up
si:dkey-103g5.3,-3.25833425,6.10127481841051,down
wfs1a,-5.076264859,4.51286162452281,down
synm,-1.667387179,21.6536470255494,down
fam19a1a,-1.979906761,2.12148779814688,down
kiaa1549la,-4.935371326,9.26042765554991,down
si:dkey-191g15.12,-3.013576631,13.4867823999321,down
vcam1,-2.47256853,46.3904055907748,down
si:ch211-107n13.1,2.048310112,30.8664610916298,up
abcc13,-1.947565276,11.543633966871,down
si:dkey-215k6.1,-1.756564829,6.93181413825384,down
stox1,1.605016985,9.21324857785444,up
npffr1l2,-2.450906207,2.84002967751161,down
gpnmb,-2.314185778,23.1106982974937,down
zgc:158403,-3.11883498,44.5622494371796,down
slc6a15,2.8414724,32.1090204030103,up
kcnk10a,-4.614964537,12.4412914294668,down
sdk1b,-2.394232239,13.632644078974,down
cntn3a.1,-2.638611383,8.52287874528034,down
gpr12,11.81560654,2.57429480155899,up
ndnf,2.224153839,77.9913998282381,up
amn,1.854664189,2.67474486831049,up
ubn1,-3.706267251,2.63779658877415,down
bmp7b,1.797220134,43.0443122496865,up
si:dkey-32n7.7,2.307072257,3.28287895239347,up
ccdc13,3.018760127,27.0736575533743,up
abcg1,-2.639889189,3.52274124046485,down
pip4k2ab,-1.664087622,22.2175273758337,down
slc24a4b,-4.272550702,4.42365864979421,down
ywhag1,-3.20149502,25.9546770212133,down
trpc6b,-1.649616995,3.77086873230157,down
tbata,-2.846419613,3.36438357236304,down
il21,-2.041036162,2.01234919480266,down
scospondin,-12.49400942,4.16241156176449,down
gltpd2,-2.686646965,4.06651271215129,down
si:ch211-240g9.1,-4.775250162,11.5800442515102,down
si:ch211-37p17.5,-2.10216626,6.85078088734462,down
luzp2,-2.81917261,25.6536470255494,down
ptx3a,-2.250744593,74.829738284605,down
astn1,-1.914183597,3.89494308043373,down
lmx1bb,-17.00773585,36.2604276555499,down
gbgt1l4,-5.861233932,6.2518119729938,down
hapln1b,-2.915456767,28.197226274708,down
masp1,2.31035074,21.8927900303521,up
si:dkey-77a20.5,-1.622607063,13.1890957193313,down
tlr7,-2.411059512,3.92556757521681,down
si:dkey-61p9.7,2.876994204,10.4621809049267,up
tspan13a,-2.896890225,13.8794260687941,down
klhl41a,-2.55796129,2.04509921322723,down
sostdc1a,-4.219196356,39.2358238676097,down
nos1,-3.879723301,72.9788107009301,down
si:ch211-219a15.4,5.578643042,13.033858267261,up
zgc:153372,-3.447073134,26.177831920632,down
si:rp71-56i13.6,1.67554981,3.35499552239251,up
cyp7a1a,-4.758407354,17.5016894462104,down
adcy1a,1.937552309,2.35800346400022,up
gls2a,-3.816453281,3.25129035746196,down
fhdc3,-2.218558098,8.4672456210075,down
grik1a,-2.196653798,12.7851561519523,down
fam19a5a,3.142792235,7.33629907461035,up
zgc:172339,-4.110913304,2.5722405142576,down
c6ast1,-15.36773241,5.39685562737982,down
zgc:162608,-2.818853175,7.26042765554991,down
pard6a,2.178407088,59.9586073148418,up
nkain2,-3.197483104,5.89962945488244,down
slc26a4,-1.883868433,4.71669877129645,down
khdrbs2,-5.612416363,35.0159229660972,down
frem1a,3.095416398,96.4012094932369,up
hs6st3b,-2.490264842,6.52143350440616,down
si:dkey-30c15.13,-2.554345967,2.6873285232451,down
chrnb1,-3.716383661,2.7391575889495,down
adra2c,-2.211452712,5.18309616062434,down
efhb,3.046865582,13.4723700991287,up
vwa10.2,-2.479963381,9.05700040663396,down
foxi2,-4.289689529,5.51570016065321,down
si:ch211-5k11.6,2.640885793,2.79288505020526,up
kcnq5a,-4.089717195,58.4271283977995,down
arid5b,1.777654868,7.61261017366127,up
dchs1a,2.743005744,114.355561410532,up
rbp2a,-11.94202119,2.67268092034772,down
sfrp2,-4.861329865,213.041436116778,down
rspo3,-1.964009586,10.5171264163912,down
muc5.1,-4.620885737,30.4365189146056,down
chtopb,1.733699969,4.31605286924849,up
agr2,-3.840848213,22.8794260687941,down
rbp7b,-2.334557112,2.14208720352358,down
phyhiplb,-2.238413207,4.11463877996849,down
trpc4a,-2.200440064,3.90704438068466,down
zc2hc1c,2.163032755,2.67360350596127,up
edn2,2.226566445,14.6736641390712,up
zgc:162509,2.293211705,11.3372421683184,up
cacng7b,-6.453265607,13.5734887386354,down
si:dkeyp-41g9.6,3.166132937,93.1752235375245,up
greb1,-2.008627743,11.2269453066357,down
rftn1a,2.902128083,18.8268137315877,up
ccl25b,-3.518023926,67.8894102897007,down
met,1.61786723,36.0545314148682,up
cpne5b,2.555146254,28.8860566476932,up
fam131ba,2.632314994,7.01592296609717,up
insl5a,2.707534478,4.53165266958784,up
si:ch211-81a5.8,1.627839568,2.32034529372803,up
ppp1r3ca,-4.303115774,23.2284125191187,down
mllt11,1.986941835,8.22841251911874,up
adgrg7.1,-1.815681357,2.47958656267364,down
actn2b,-3.305306055,12.0222763947112,down
chrm3a,12.67702951,5.09582563171584,up
slc12a10.2,-2.109614465,4.19517932127884,down
si:ch211-235e9.8,-1.682951707,44.8794260687942,down
celf5a,-6.665566632,13.5718652059712,down
si:dkey-78l4.6,-3.602040759,3.6670447342735,down
zgc:153659,-2.690226623,2.65572800913442,down
crp7,2.754263453,13.2225731776107,up
crp6,2.21988474,7.91364016932525,up
aox5,1.82847465,27.7121982700698,up
zic6,2.34144411,2.35442624528831,up
zic3,3.545401918,80.6439741428069,up
fhl1a,1.650061101,30.3477536589967,up
si:dkey-42i9.7,-1.724343103,8.32057210338788,down
tgfbi,2.72047192,115.410050398674,up
neto1l,-12.73698824,2.73149082805872,down
atcaya,-2.621224693,2.14599272191393,down
ankha,2.540156628,19.4546928835342,up
si:dkey-32n7.9,1.876390552,3.38524827590378,up
rell2,3.522408122,12.241088107602,up
quo,1.926851966,12.2975694635545,up
si:ch211-51g4.5,-2.132467001,2.89525689429062,down
pdzrn3a,4.277554484,67.0268721464003,up
si:ch211-234p18.3,-2.194453554,7.41680122603138,down
gdf10b,1.913236699,15.7189666327523,up
cx47.1,-2.692111004,3.49118892243052,down
si:ch211-276k2.1,-2.834755192,6.58169870868025,down
adamtsl2,2.347930956,7.56863623584101,up
scpp7,-8.163891566,3.06758712199471,down
zgc:163136,-2.025336928,2.69350163112991,down
prokr1a,-1.626212095,6.65757731917779,down
rbfox3l,-1.878086758,3.1282414782456,down
sall1a,2.915155147,108.899629454882,up
tmem176l.4,1.861155517,20.6925039620868,up
zgc:171482,4.293059707,12.8239087409443,up
alx4b,-4.051431741,9.91364016932525,down
cnksr2a,-2.298742116,13.8894102897008,down
si:dkey-224j12.3,-2.449875046,8.06348625752111,down
map6a,-2.5486909,5.54211810326601,down
gpr37a,-2.264933537,9.23062267392386,down
phc3,-2.1183588,19.1095789811991,down
zgc:153932,-1.769947908,7.23062267392386,down
smtna,2.425970899,9.03668448861389,up
stk17a,1.998624839,44.0634862575211,up
ccl44,2.166576357,15.9956786262174,up
ptprt,-1.601465829,3.12787928839,down
necab3,-3.593904456,3.67538423327436,down
sh2d1ab,-1.980737526,2.21449477391773,down
ptpn5,-1.966190093,4.19178902707578,down
glra2,3.19916417,4.75202673363819,up
soul5,-1.906990937,25.241088107602,down
cxcl18b,-3.00978805,43.1456939581989,down
aipl1,2.178814123,5.23062267392386,up
tacr3a,2.626157489,2.00919424107396,up
igdcc3,1.902858412,3.07844149120289,up
cntnap5b,2.500985065,27.7495799976911,up
oacyl,2.103778901,41.197226274708,up
ankrd1a,4.698950604,14.5638373529592,up
tbc1d30,-2.528859645,17.3535962737769,down
si:ch211-281g13.4,-1.62317811,8.51855737149769,down
spock2,4.051410807,46.478861916296,up
sytl2b,-1.885930049,30.3893398369101,down
vwa2,2.351931786,64.1700533040584,up
hdc,-2.013575168,2.05752003849995,down
zgc:171713,-2.553603131,2.03744973809445,down
si:ch73-236c18.3,1.982848218,4.96257350205938,up
cdh5,-3.450578601,7.87942606879415,down
scpp6,-6.012293133,2.86614729952282,down
si:dkey-197i20.6,-3.167008274,5.58004425151024,down
sema5bb,-1.652876377,17.1999706407559,down
fndc7b,-2.874133779,4.26760624017703,down
frmpd4,1.641055021,5.90308998699194,up
gig2e,-2.16048388,6.44369749923271,down
slc41a2a,2.330830272,5.55595520408192,up
kirrel3a,2.665067007,11.8096683018297,up
msh4,-2.248734937,4.9100948885606,down
kiss1,2.597233704,2.3669971960543,up
syt3,-1.695537874,5.50723961097316,down
fam155a,-16.13446478,54.3809066693733,down
sall1b,2.833933131,18.4723700991287,up
kcnj14,-4.920974377,3.25515491407871,down
slc45a3,-5.32316345,54.0560111249262,down
pappa2,-3.824636235,33.6401645176601,down
si:ch211-149p5.1,-4.187913044,81.4962093169428,down
si:dkey-283j8.1,1.933891302,29.6695862266508,up
trib1,1.92863629,8.54821356447571,up
stat1b,-1.693662119,7.32239304727951,down
atp10b,2.182362706,66.8416375079047,up
dlk2,1.822246042,6.51004152057517,up
adamts13,-13.87210682,8.82973828460504,down
loxl3a,-2.61419283,24.4412914294668,down
si:zfos-2070c2.3,-4.186953139,7.75696195131371,down
brinp3a,-4.756957875,85.3439017979872,down
zgc:194686,-1.775917332,2.11209482185196,down
dkk2,-2.018252264,36.139661993429,down
fgf22,2.622146301,2.4825833148174,up
mafb,-2.899775697,31.0819696632151,down
clec3ba,-1.672612377,9.83268266525182,down
syt6a,3.103545255,18.3027706572403,up
si:dkey-65b12.6,-6.237256389,Inf,down
atp1b1b,-3.734680311,35.072629636961,down
zgc:162150,2.809494527,112.764471553092,up
si:ch73-49h18.1,1.89656224,49.2055119533408,up
frem2a,2.506152007,68.5361070110141,up
fer1l4,-4.193553624,147.311580177997,down
si:ch211-165b10.3,2.239601484,6.41680122603138,up
si:dkey-208k22.3,-4.492244974,7.89962945488244,down
igsf3,1.607761379,26.5917600346881,up
aldh1l1,-3.209169882,144.583359492662,down
ptprnb,2.469043322,18.5900668766687,up
fndc7a,-3.70260574,4.04287180232319,down
cyp26b1,2.007012748,68.2984320149441,up
ypel2a,1.686549451,9.49757288001557,up
setd1bb,-5.039042067,5.16178077809237,down
slc46a3,-4.12721691,18.8761483590329,down
si:dkey-81n2.2,2.072400802,2.8715584025585,up
col8a1a,-3.048162011,3.9496241110263,down
si:ch211-103n10.5,2.592010637,2.59043846721636,up
cdh16,-2.89010641,5.1518108830086,down
tmprss13b,1.623293612,45.3045183235098,up
phf24,2.056357119,2.40862492773816,up
cpo,12.61038202,4.89279003035213,up
cxxc4,2.598901105,5.85387196432176,up
olfm2a,3.882758549,14.9913998282381,up
ttll2,-2.343556384,2.44551750286361,down
asip1,2.957117389,5.44490555142168,up
wisp2,-2.261388064,12.9208187539524,down
ccdc173,2.065032172,19.0065637695024,up
zgc:112001,-11.71384392,2.22292670231209,down
si:ch73-237c6.1,-1.691949496,18.6478174818886,down
rusc1,-2.080817454,10.0700704399154,down
si:ch211-264f5.8,2.27182427,4.19586056766465,up
si:ch211-163l21.4,-2.322669539,3.24581608504595,down
hpse2,2.145796723,27.8181564120552,up
si:dkey-60b12.4,-2.142869949,2.86468094426145,down
cdh12a,-3.052128102,8.07779372256098,down
gal3st1b,-2.40709415,3.00585932906717,down
si:dkey-175m17.7,-2.738304877,5.26760624017703,down
filip1a,-3.034748735,8.78251605578609,down
ccdc88aa,1.800318819,14.4134126953282,up
ftr07,-1.753946227,2.01175577539796,down
lingo4b,1.61243681,2.50285533257786,up
inpp5kb,-5.387882326,5.64975198166584,down
synpo2lb,1.644777571,5.21824462534753,up
ackr4a,2.186047015,20.6478174818886,up
gra,1.906045754,2.84568651669032,up
ccdc149a,-1.706210539,7.28988263488818,down
si:dkey-28o19.1,-4.000295198,8.84163750790475,down
g0s2,-12.59039402,2.52159166833681,down
rims1b,-1.980274974,17.3829996588791,down
alpk3a,1.703167923,12.8860566476932,up
dpy19l3,-1.849994728,30.3861581781239,down
si:ch211-223f7.1,-2.621604098,2.71728478545248,down
adgre8,3.769599316,7.64397414280688,up
frmpd1a,-1.699750455,2.2452460025546,down
si:xx-by187g17.1,2.470908214,2.33073306152093,up
si:ch211-229d2.5,-4.708530777,2.63921447160997,down
sc:d189,1.860522997,3.13749116332557,up
si:dkey-285b23.4,-3.477834796,3.05162860719194,down
fam117ab,-1.796972891,5.40230481407449,down
foxe1,2.619610291,12.4353339357479,up
si:ch211-162k9.5,-4.999195674,12.8894102897008,down
cacna1bb,-1.838410539,9.20481541031758,down
and2,17.32736278,33.7166987712964,up
si:dkey-205h13.1,-1.727047136,5.37263414340727,down
hmcn2,3.197853082,70.2541448048263,up
si:ch211-150j10.4,-2.17804027,28.4989407377822,down
lrrc3ca,-2.533235622,21.7746907182741,down
tmprss15,-3.133960919,15.1726307269462,down
nlgn4a,-2.776154377,11.2967086218813,down
si:ch211-149a19.3,1.696970169,30.4012094932369,up
kcnt1,-2.85023279,9.69250396208679,down
si:ch211-69e5.1,-1.813477696,3.38866443834996,down
si:ch211-184m13.4,-1.675164207,4.70996538863748,down
zgc:194242,-2.266479139,2.51821107733206,down
gabrb2,1.879630923,2.04509921322723,up
sall3a,3.199449739,38.6556077263149,up
sik2a,-5.267891855,5.92811799269387,down
lppr4a,-1.761119918,3.32481119615536,down
ccl27b,-2.697434802,118.653647025549,down
col6a6,3.469283857,184.906578314838,up
slitrk4,-1.87943015,8.99567862621736,down
vmhcl,-2.326264898,3.53725919454913,down
si:ch211-176g6.2,-2.8591096,57.0856568428806,down
kcnma1a,-1.954876476,4.30539480106643,down
tmem163a,1.592922292,21.5985994592185,up
si:ch211-218o21.4,2.817458043,3.51273573980851,up
dlx2a,1.945879658,22.1511952989482,up
samd10a,1.83771366,13.7212463990472,up
lrrtm4l1,-2.746412597,4.47755576649368,down
kif16bb,-1.885767821,4.11918640771921,down
mir24-2,2.154918061,17.1870866433571,up
si:ch211-236d3.4,2.509279377,5.05012229596313,up
si:dkey-83f18.9,1.908582902,3.46544341369347,up
isg15,-1.958857525,4.2572748686953,down
cald1b,-2.389017249,9.36351210364663,down
adgrf7,1.656447131,26.097453220686,up
mtnr1bb,-3.728543284,10.0227337875727,down
si:ch211-116o3.3,-2.589447143,3.37745235145773,down
zgc:136963,1.596431191,14.9318141382538,up
edn3b,-3.982351302,20.1700533040584,down
foxa,3.533243014,12.7569619513137,up
si:ch73-106k19.5,-3.08307051,2.46188153376401,down
slc5a8,2.981432233,11.4100503986743,up
fibinb,-1.640362019,17.966576244513,down
cthrc1a,-2.143098943,5.13076828026902,down
otud4,12.33764677,2.2249812214835,up
pcp4b,-2.148259648,5.71219827006977,down
cbln20,-3.310851043,2.04983700313616,down
si:dkey-237h12.3,-2.762684185,47.7212463990472,down
gpr153,2.956238457,51.5702477199976,up
cdh26.2,-3.675989458,53.0291883891275,down
si:ch211-219a15.3,-12.24901205,2.91306955390261,down
gfra3,-3.009937389,2.56262937324107,down
si:ch211-214k5.6,-3.38623508,13.6216020990519,down
otud4,21.199157,6.60730304674033,up
igsf5a,1.793702077,29.5900668766687,up
znf365,-1.778946576,2.70393907472449,down
si:ch73-139j3.4,1.650208134,14.0061230850588,up
usp43b,2.299109803,8.13548891894161,up
hsd17b7,-2.304379475,15.2160964207273,down
mpped1,3.786754723,5.35261702988538,up
shisa8b,2.244016383,8.18442225167573,up
si:ch211-103f14.3,-2.759202907,4.85078088734462,down
si:ch211-253b8.6,-3.417805025,5.69250396208679,down
and1,8.188414893,100.207608310502,up
ppp1r3ab,-3.952578737,7.19586056766465,down
si:dkey-192j17.1,2.866704494,2.02662476142041,up
si:ch211-160j14.3,1.895427349,8.89619627904404,up
ba1,2.341146706,2.31937127814333,up
plrdgb,-5.988456497,30.9244530386075,down
cyp46a1.3,1.918973376,16.7931741239682,up
si:ch211-225k7.2,1.770610539,2.38899402926224,up
arhgap20,-1.847839339,4.6345120151091,down
fdxr,-1.681847524,30.2284125191187,down
si:dkey-238d18.10,-2.986853988,2.09021249787291,down
si:dkey-164f24.2,-3.005585674,28.9625735020594,down
si:dkey-205h13.2,-2.829204712,4.66958622665081,down
si:ch211-200o1.1,-3.642726654,24.5301779840218,down
cplx3b,2.730428612,5.60032627851896,up
ism2a,2.614881444,71.7144426909922,up
wu:fc66h01,2.635844267,6.13430394008393,up
qpct,2.141048864,57.6655462488491,up
hapln1a,-3.556923669,52.3448615651886,down
cacna1g,-1.794498861,50.8477116556169,down
npy2rl,3.852242363,2.74429365845112,up
si:dkey-88n24.9,2.155435827,2.72187772758113,up
bcam,1.781940463,46.9136401693253,up
rbm11,-3.808759457,11.4634415574285,down
malrd1,-2.218368247,4.82681373158773,down
si:dkey-32n7.8,1.785772659,3.02871162371714,up
apof,1.820824595,26.2684112348133,up
si:dkey-88n24.8,3.550654638,3.21273794348414,up
pkhd1l1,2.312755469,18.0241088635982,up
adh8a,-1.63126623,14.0236500209967,down
smyd1b,-1.888404738,7.67985371388895,down
si:dkey-18h14.2,1.680216957,3.34354051558676,up
insm1a,-2.500093946,9.07160414774329,down
si:ch211-195j11.24,-4.951612396,7.75696195131371,down
akap12a,-2.996335318,57.3372421683184,down
si:dkey-25c4.1,-12.18420054,3.2575474681278,down
si:dkey-225k4.1,-1.998498599,34.9318141382538,down
si:dkey-40i22.5,-6.557692636,14.181114585406,down
apoc1l,3.320430287,22.1095789811991,up
si:dkey-238c7.13,-1.855869713,9.22402566887063,down
si:ch211-243a20.3,-3.427942841,40.568636235841,down
si:ch211-200o3.1,2.303851115,4.13076828026902,up
si:dkey-22o20.2,-12.00470398,2.8175465424335,down
dlgap2b,-1.618361036,2.62022707395967,down
si:ch211-208h1.1,-2.751649123,5.17005330405836,down
vtg7,1.778521135,4.3840499483436,up
si:dkey-282h22.5,-1.627051958,21.0347982989741,down
si:ch1073-471m19.4,-3.247207774,76.0357403698032,down
si:dkey-56e3.2,1.801805513,32.0039263455147,up
fndc7rs2,-3.516466988,2.94940218443292,down
si:ch211-69k21.3,-2.854032643,11.072629636961,down
si:dkey-61l1.4,-6.150544872,14.5590909179348,down
si:ch211-95j8.3,-8.823118295,9.10182351650232,down
si:ch211-267k22.1,-3.225008281,3.50034452857342,down
ptprua,-2.799667323,13.2218487496164,down
si:ch211-204c5.6,3.094179798,8.9100948885606,up
si:ch211-12e13.11,-2.702816342,2.91107191352219,down
si:dkey-39e8.5,-2.577614002,4.08407278830288,down
si:ch211-91g3.4,-2.969616078,3.36526182847623,down
si:ch73-338o16.4,-2.179428888,4.42136079003193,down
stap2a,-2.2563482,7.18842499412941,down
fndc7rs4,-2.663982921,4.42021640338319,down
si:ch211-260p9.3,-2.982250264,19.3279021420643,down
si:ch211-106h4.12,2.486430149,56.732828271597,up
cyt1,-2.055440721,4.47755576649368,down
si:ch211-266i10.1,-3.313254194,10.5199930570428,down
si:dkey-104n9.1,-3.333153428,7.11407366019857,down
c6,-4.100286279,17.2358238676097,down
si:dkey-203o21.2,-12.25507955,2.83060098067393,down
tac3a,-12.71025162,2.9018455202548,down
si:ch211-139n6.3,1.769696324,7.48017200622428,up
si:dkey-221j11.3,2.427143368,7.36351210364663,up
tgm2l,-4.04069655,9.05700040663396,down
omd,4.151868908,53.3757179041643,up
htr1aa,-3.717999761,2.57451224367163,down
si:dkey-70b23.2,1.660485013,10.0092173081969,up
si:dkey-259j3.5,1.59567436,8.46852108295774,up
si:dkeyp-73d8.13,1.899229972,2.19582109434005,up
si:dkey-251i10.2,2.555108057,21.9469215565166,up
si:dkey-224b4.5,1.874285442,3.90122133511028,up
si:dkey-21e2.16,-2.199188995,4.0195421077239,down
igf1,-2.381509716,35.6777807052661,down
si:ch73-160h15.3,1.841977198,5.54363396687096,up
si:ch211-276k2.3,-3.470157033,3.94175243738556,down
adgrg4b,2.18263457,2.29657465624788,up
cfp,-2.282058852,44.9546770212133,down
cdh23,-1.633127923,2.01084997567407,down
b4galnt2.1,1.806004787,7.09205147838773,up
si:dkey-7n6.2,-1.993557309,7.92811799269387,down
si:dkey-190g11.5,-1.779352958,3.16070677136381,down
si:dkeyp-1h4.9,-1.731048165,10.6478174818886,down
si:dkey-125i10.3,-3.082069275,18.1007268126824,down
si:dkey-192d15.1,-2.009305034,3.29808851423599,down
si:ch73-80e5.5,-3.141893906,4.0695604052333,down
zgc:162928,-4.727978533,6.64397414280688,down
si:dkey-85k15.4,-11.63992457,2.08239561699841,down
si:ch1073-111a5.3,4.46709901,26.7471469690201,up
krt96,1.684286522,7.30364361126667,up
ftr73,-2.044502569,4.67985371388895,down
si:ch211-212c13.9,-2.644572151,4.41566877563247,down
galnt8b.2,-8.379772529,26,down
si:dkeyp-91h9.1,-1.692307744,10.8477116556169,down
si:ch211-12e13.10,-9.834809272,15.6615435063954,down
si:dkey-246j7.1,-5.591103631,26.7399286120149,down
si:ch211-188m17.3,-2.925706744,4.62160209905186,down
dcaf17,1.609610933,17.6458915608526,up
si:ch211-67e16.11,3.163558247,127.298432014944,up
ccdc141,-2.672882268,92.0655015487564,down
dio3b,1.988834625,29.1157712303674,up
zgc:171699,-3.021635529,3.71477134896848,down
si:ch211-103e16.5,-3.498668292,2.22721504844492,down
si:ch211-112b1.2,-1.852955746,2.27196235327785,down
artna,1.662305634,2.63791071707135,up
neu3.5,-2.441738096,47.1824346304402,down
defbl2,3.363864813,11.6216020990519,up
si:ch211-152f2.5,-11.78861723,2.36793830850799,down
si:ch211-286b5.2,2.123798864,6.08144546944973,up
lratb,1.76321753,14.8153085691824,up
si:zfos-1056b4.1,-1.618600222,4.46218090492673,down
cxl34c,5.24326092,40.4685210829577,up
si:ch211-213i16.4,-1.804385005,2.48948769715263,down
si:dkey-23k6.2,12.04758798,3.10829532376082,up
si:rp71-1c10.11,-5.328504953,5.12959609472097,down
si:zfos-911d5.4,-2.876989174,4.37059040089728,down
si:ch211-202p1.5,3.771787495,30.2790142558463,up
si:dkey-69o7.2,2.095703552,3.07182237408219,up
si:dkey-110g7.10,-2.05473067,3.51719356579487,down
si:dkey-69p21.1,-4.856618598,3.82090227236266,down
si:ch73-280b7.3,-1.870342753,7.88272870434424,down
si:dkey-96g2.2,-4.796324463,10.9788107009301,down
si:ch211-227m13.1,-2.419581173,29.8096683018297,down
si:ch211-210b2.3,2.249226741,2.85112414640371,up
si:ch211-37e10.2,2.777576122,48.2967086218813,up
si:dkey-193b18.1,-2.730525175,12.4202164033832,down
si:dkey-206p8.1,-3.667607846,34.3062730510764,down
si:dkeyp-93a5.3,-4.301591884,2.59792148971864,down
hbaa1,2.260272316,2.06165522866551,up
im:7152348,-1.771316354,13.7375489102696,down
si:dkey-110g7.9,-1.931714802,3.85460157115072,down
si:dkey-33c14.3,1.862956881,3.8809916895308,up
si:dkey-24p1.6,-3.015187714,8.08407278830288,down
si:ch73-31d8.2,2.005505326,4.73048705578208,up
si:ch211-282b22.2,1.636334719,2.48661284503611,up
si:ch211-213d14.3,-2.0335832,3.97427233650369,down
si:ch211-33e4.2,2.306812634,2.00321059078772,up
si:dkey-175d9.3,-6.281507936,32.3080348972326,down
lrrc53,-3.640199123,4.05799194697769,down
si:ch73-306e8.2,-2.57073257,6.56066730616974,down
si:ch73-160l8.2,-1.594918298,9.07520400420209,down
si:ch211-213d14.2,-2.019715581,14.7904849854574,down
si:ch211-209o12.2,-4.384952105,2.4422274903319,down
si:ch211-252f13.5,2.191039412,73.068542129311,up
cyp8b2,-2.744485796,10.6595558851599,down
zgc:92912,-3.241626136,11.1911141326402,down
si:dkey-105i19.5,-1.74077279,3.65845073395218,down
si:ch211-242a9.1,-3.524629864,13.632644078974,down
stard10,-3.41062002,14.3809066693733,down
si:ch73-156o22.2,-2.266717,13.171984935776,down
si:dkey-1m11.6,-1.791816143,2.38206776548647,down
si:dkey-27e18.3,1.592247817,2.29351017542854,up
si:ch73-90p23.1,-2.368959561,2.1423771662047,down
si:dkey-125i20.2,-1.903869583,4.4294570601181,down
si:ch211-277g23.5,5.153316394,86.3288271572849,up
si:dkey-248g15.3,1.790256234,51.0181813928293,up
si:ch211-172e9.1,-2.000233696,4.93554201077308,down
si:ch211-272b8.7,-3.290143863,33.4122890349811,down
si:ch211-209m20.7,-3.127130646,24.6363880201079,down
si:ch211-136a13.3,2.260028743,2.37043597855641,up
dscaml1,-3.511811691,12.5783960731302,down
im:7150988,3.765148786,10.6575773191778,up
zgc:64065,-2.868617508,4.55129368009492,down
trappc2,1.71017374,3.97852953458582,up
si:dkeyp-97a10.2,1.88348037,44.8356471442156,up
si:ch211-177d9.1,11.78539763,2.55569236363044,up
meis2a,-2.015073101,12.1337126609158,down
cpne9,-3.00989029,6.53610701101409,down
efna3b,-1.591729064,8.00043451177402,down
mamdc2a,1.688612184,34.8507808873446,up
il17rd,2.128410725,66.1331221856625,up
si:dkey-38l22.2,2.190108701,22.0109953843015,up
gpr75,-2.94471586,3.82979404220548,down
chrm2a,-2.837320193,3.61504834206069,down
si:ch73-359m17.9,-3.204896715,23.0915149811213,down
si:dkey-201i2.4,1.841417155,7.1007268126824,up
gig2d,-2.222569966,2.65399264233997,down
si:dkey-10p5.7,-1.75114699,7.34390179798717,down
pclob,-1.702558605,5.80410034759077,down
scn4ba,1.813352394,17.4485500020271,up
gch2,1.914537263,13.4546928835342,up
si:dkey-33i11.4,-3.528780678,5.93930215964639,down
si:zfos-2372e4.1,-4.812863307,8.18976748200492,down
epb41a,-1.762600175,7.49214412830417,down
slc25a13,1.710955613,3.73990713644516,up
sp9,2.778331361,10.6736641390712,up
si:ch1073-288h17.2,-12.12168181,3.10734841004817,down
bcan,2.064237234,22.8068754016455,up
slit1b,1.705833342,7.87289520163519,up
si:ch73-233f7.7,-3.416149334,4.35066514128786,down
si:ch73-309g22.1,1.746475417,2.92415132701651,up
si:ch1073-73n18.1,-2.379251124,4.08460016478773,down
elna,-1.845823901,32.1123826996643,down
cacna1hb,2.014762041,11.0423927129399,up
gfra1a,-2.027509214,3.98670763713097,down
ccr9b,-2.199258577,3.05736503028158,down
si:dkey-285b23.4,-2.493080197,2.64961221562187,down
sb:cb1058,2.915692404,3.18604558537105,up
ebf1a,-2.000028131,39.9136401693253,down
zgc:77358,2.620686872,29.2441251443275,up
si:ch211-27e6.1,2.23122834,2.02335084151644,up
cldn17,-2.882894703,2.10588345947072,down
ppp2r2ba,2.214339825,15.2380721615795,up
zgc:101785,-2.884123757,19.6968039425795,down
si:ch211-182p11.4,4.178456348,19.8894102897008,up
lect1,-5.351377723,5.66154350639539,down
si:ch211-113d22.2,-2.546337257,2.56744693378276,down
wu:fl05b04,-3.65114505,18.4485500020271,down
ftr41,-2.125662986,4.93554201077308,down
si:ch73-29l19.1,2.71769187,12.115204636051,up
si:dkeyp-104b3.2,-12.78206833,2.91455921112132,down
si:ch211-125c23.3,-2.441127831,5.38615817812393,down
si:ch73-233f7.8,-4.142349775,4.45099673797421,down
fgf10b,3.963372817,17.4854522473397,up
pmt,-2.294201113,4.5543957967264,down
hid1b,-3.466219117,20.9546770212133,down
eva1bb,1.765387584,19.9469215565166,up
si:dkey-87o12.2,-1.718305427,3.3144687437419,down
si:dkey-285b23.4,-4.070047752,5.89279003035213,down
urah,1.777060684,9.46092390120722,up
zgc:163025,-2.365388088,6.21681130892474,down
im:6909775,2.38640151,37.7851561519523,up
si:dkey-201i2.2,3.6923109,3.23977435086254,up
si:dkeyp-97a10.1,1.954725457,37.7670038896078,up
myh11b,-3.484529596,3.27416674370575,down
chrna3,5.191905459,4.59345981956604,up
ctsbb,-1.622229414,3.05947255823478,down
syn2b,-2.178957476,9.77728352885242,down
si:ch73-359m17.5,2.31702533,17.8794260687941,up
cpne4a,2.062051143,2.67663609112982,up
si:dkey-201i2.3,3.718452867,8.79048498545737,up
si:ch73-329n5.3,2.239025529,33.2865094569061,up
si:ch1073-76a20.1,1.870902026,14.3946949538589,up
cryabb,-3.185069492,4.20830935097988,down
tgm1l4,2.587107053,45.2572748686953,up
si:dkey-46i9.1,1.870684426,7.79588001734407,up
scarb1,2.097398557,68.6655462488491,up
si:ch211-155m12.1,-6.476914418,9.54060751224077,down
si:ch73-351f10.4,2.614736175,6.67778070526608,up
sstr5,-4.7182703,6.65757731917779,down
chrna7,-4.569652985,12.3018994543766,down
si:ch211-93f2.1,-1.81328942,44.8507808873446,down
cyp1c2,2.692975037,34.2652001704112,up
si:ch1073-82l19.1,1.668969485,2.43633965680717,up
si:ch211-271c18.2,-2.050726456,2.46188153376401,down
irx1a,-2.978512359,20.8181564120552,down
asic1b,-1.905059955,2.31542229646804,down
foxj1a,2.005263775,2.16701898487175,up
mab21l1,-2.588988956,5.73992861201492,down
si:ch73-329n5.2,2.105692075,59.4710832997223,up
kcna2b,3.175072937,12.2557070168773,up
si:ch73-233f7.5,-2.987421528,4.85078088734462,down
mrc1a,-2.9931739,13.7931741239682,down
si:ch211-117i20.2,-3.518954401,6.30102999566398,down
pla1a,-2.083951908,8.13430394008393,down
emilin2b,-3.79299762,138.617982957425,down
zgc:136410,-13.47813383,8.74472749489669,down
si:dkey-202l22.6,4.232805479,15.8894102897008,up
si:ch211-204c21.1,-2.125910009,7.26600071346161,down
sytl4,-2.17660809,45.0629838925352,down
gdpd4a,-2.417277734,14.3353580244439,down
gfra1b,2.640391582,19.6968039425795,up
mapk10,-1.776208532,4.13430394008393,down
dclk2b,1.675756056,2.39200346513788,up
sc:d189,2.259979433,4.97881070093006,up
nptna,-2.295110933,11.0660068361688,down
gstp2,-4.761237271,2.83840772012213,down
grem2b,4.340869675,22.1095789811991,up
si:dkey-34d22.1,1.823835039,22.7520267336382,up
si:dkey-19b23.8,-1.987878884,60.0767559813697,down
ephx5,-1.876988005,8.08249449044745,down
si:dkey-18h3.3,2.449941392,12.4259687322723,up
fabp1b.2,-10.57238734,19.5142785735184,down
vwde,3.795919174,2.58198324818121,up
vcana,-4.697309441,23.0788339493623,down
abhd8a,2.038401216,3.43529961955609,up
si:ch211-8c17.4,-1.764917347,4.32790214206428,down
si:dkeyp-104b3.1,-3.471916567,6.69680394257951,down
p4ha3,-2.118560114,4.92811799269387,down
si:busm1-194e12.8,-5.18720423,3.82090227236266,down
cd248a,1.952171709,43.9393021596464,up
sult2st2,-2.105719702,5.86646109162978,down
tmem130,2.621282116,12.6903698325741,up
ndrg4,2.128750877,63.8794260687942,up
bhlha9,2.930356091,3.90361841042854,up
scg2a,1.691932455,5.56863623584101,up
si:dkey-151j17.4,-6.06271088,29.6925039620868,down
gcgra,-5.409069069,17.4749551929632,down
errfi1,1.679858765,46.8181564120552,up
fam83fb,2.696140181,23.8601209135988,up
si:ch211-285j16.4,1.637164882,41.0315170514461,up
muc5a,-2.462182649,4.80134291304558,down
cpne4b,-4.4423642,11.5590909179348,down
bco1,2.759421575,77.1837587000082,up
si:ch211-204a13.2,2.974242327,59.2724587429714,up
ctgfb,1.805030006,22.8927900303521,up
si:ch73-380l10.2,6.193655278,15.8239087409443,up
hoxa1a,1.742778007,4.75696195131371,up
si:ch211-182p11.1,2.496886905,68.3071530807228,up
anxa1c,1.743375401,53.0814454694497,up
esm1,2.720368152,18.137272471682,up
si:dkey-31i7.2,11.77947729,2.55222199070538,up
dclk1b,-1.864315438,2.09245509270753,down
si:dkey-33b17.3,-1.848138852,2.80879051370898,down
nkx6.2,1.715119653,2.0211015044577,up
nlgn3a,-1.723760953,5.16178077809237,down
si:ch211-93f2.1,-1.696194252,33.5171264163912,down
si:dkey-83h2.5,-3.672963785,18.3151546383556,down
myom1b,-5.24441461,76.4377071355435,down
si:dkey-21e5.1,-1.854176762,13.4400933749639,down
si:ch211-153f2.7,-2.502484105,17.7189666327523,down
wnt5a,3.868779256,175.23507701535,up
tenm4,-2.126942369,46.5199930570428,down
si:ch1073-329i9.1,2.529113706,4.45842075605342,up
zgc:171566,2.255500745,32.5199930570428,up
nbeab,-1.934819209,19.0835460514501,down
si:ch1073-219h3.1,-2.824008515,2.34017770131682,down
